"18677","NULL","http://www.assemblee-nationale.fr/13/amendements/1210/121000282.asp","13","1210","282","0","Article PREMIER","Adopté","2009-02-06","M. Rolland","<p>À l'alinéa 75, substituer au mot :</p><p>« choisie »,</p><p>le mot :</p><p>« retenue ».</p>","<p>Amendement rédactionnel.</p>","f28b2a455b731a2c6c4df3b5ce8e02e2","2009-09-11 07:11:18","2009-09-11 07:11:18"
"18678","NULL","http://www.assemblee-nationale.fr/13/amendements/1210/121000281.asp","13","1210","281","0","Article PREMIER","Adopté","2009-02-06","M. Rolland","<p>À l'alinéa 74, substituer au mot :</p><p>« objectif »,</p><p>le mot :</p><p>« objectifs ».</p>","<p>Amendement rédactionnel.</p>","e0d9fbb5bad53c2ea62bcb52e438dfe2","2009-09-11 07:11:18","2009-09-11 07:11:18"
"18679","NULL","http://www.assemblee-nationale.fr/13/amendements/1210/121000280.asp","13","1210","280","0","Article PREMIER","Adopté","2009-02-06","M. Rolland","<p>À l'alinéa 73, substituer au mot :</p><p>« choisie »,</p><p>le mot :</p><p>« retenue ».</p>","<p>Amendement rédactionnel.</p>","14b68e21b02c9501a4d11acdcd7ff1cc","2009-09-11 07:11:18","2009-09-11 07:11:18"
"18680","NULL","http://www.assemblee-nationale.fr/13/amendements/1210/121000279.asp","13","1210","279","0","Article PREMIER","Adopté","2009-02-06","M. Rolland","<p>À la première phrase de l'alinéa 72, substituer au mot :</p><p>« choisie »,</p><p>le mot :</p><p>« retenue ».</p>","<p>Amendement rédactionnel.</p>","f1decdec53ead1d87d3f36d11acca8f9","2009-09-11 07:11:18","2009-09-11 07:11:18"
"18681","NULL","http://www.assemblee-nationale.fr/13/amendements/1210/121000278.asp","13","1210","278","0","Article PREMIER","Adopté","2009-02-06","M. Rolland","<p>À l'alinéa 71, substituer au mot :</p><p>« objectif »,</p><p>le mot :</p><p>« objectifs ».</p>","<p>Amendement rédactionnel.</p>","f39ca4a72d12a4e2f8386fd7701b83a6","2009-09-11 07:11:18","2009-09-11 07:11:18"
"18682","NULL","http://www.assemblee-nationale.fr/13/amendements/1210/121000277.asp","13","1210","277","0","Article PREMIER","Adopté","2009-02-06","M. Rolland","<p>À l'alinéa 70, substituer au mot :</p><p>« choisie »,</p><p>le mot :</p><p>« retenue ».</p>","<p>Amendement rédactionnel.</p>","0af9530f87f817f619b9cb383d74db77","2009-09-11 07:11:18","2009-09-11 07:11:18"
"18683","NULL","http://www.assemblee-nationale.fr/13/amendements/1210/121000276.asp","13","1210","276","0","Article PREMIER","Adopté","2009-02-06","M. Rolland","<p>À la première phrase de l'alinéa 69, substituer au mot :</p><p>« choisie »,</p><p>le mot :</p><p>« retenue ».</p>","<p>Amendement rédactionnel.</p>","799e44be35b480028066505464aafdbc","2009-09-11 07:11:18","2009-09-11 07:11:18"
"18684","NULL","http://www.assemblee-nationale.fr/13/amendements/1210/121000273.asp","13","1210","273","1","Article PREMIER","Adopté","2009-02-06","M. Rolland","<p>À l'alinéa 68, substituer aux mots :</p><p>« à leur »,</p><p>les mots :</p><p>« par leur ».</p>","<p>Amendement rédactionnel.</p>","34492fe71fd46469256e14ad038026e2","2009-09-11 07:11:18","2009-09-11 07:11:18"
"18685","NULL","http://www.assemblee-nationale.fr/13/amendements/1210/121000272.asp","13","1210","272","0","Article PREMIER","Adopté","2009-02-06","M. Rolland, M. Aboud, M. Bardet, M. Bernier, Mme Boyer, M. Breton, M. Bur, M. Cherpion, M. Chossy, Mme Dalloz, M. Debré, M. Delatte, M. Descoeur, M. Domergue, Mme Gallez, M. Gandolfi-Scheit, M. Gaudron, M. Gaultier, M. Gaymard, M. Jacquat, M. Jeanneteau, M. Lefrand, Mme Levy, M. Malherbe, M. Alain Marc, M. Mathis, M. Méhaignerie, M. Morange, M. Perrut, Mme Poletti, M. Reiss, Mme Rosso-Debord, M. Tian, Mme Vasseur, M. Verchère, M. Victoria","<p>À l'alinéa 67, supprimer la référence :</p><p>« L. 6161-5, ».</p>","<p>Il s'agit d'un amendement de cohérence destiné à tirer les conséquences de la nouvelle rédaction de l'article L. 6161-5 relatif à la création de la catégorie des établissements de santé privés d'intérêt collectif qui a été inséré après l'alinéa 47.</p>","e953c5474e77e0df99a14b745ccdd960","2009-09-11 07:11:18","2009-09-11 07:11:18"
"18686","NULL","http://www.assemblee-nationale.fr/13/amendements/1210/121000270.asp","13","1210","270","0","Article PREMIER","Adopté","2009-02-06","M. Rolland","<p>À la première phrase de l'alinéa 47, substituer aux mots :</p><p>« du contrat mentionné »,</p><p>les mots :</p><p>« d'un des contrats mentionnés ».</p>","<p>Il s'agit d'un amendement rédactionnel destiné à prendre en compte le fait que le dernier alinéa de l'article L. 6112-2 du code de la santé publique mentionne en fait deux types de contrats différents selon les acteurs qui assurent des missions de service public : le contrat pluriannuel d'objectifs et de moyens pour ceux qui sont tenus d'en signer un ou un contrat spécifique pour les autres.</p>","f8cae46f118652661d06a04c87fb57aa","2009-09-11 07:11:19","2009-09-11 07:11:19"
"18687","NULL","http://www.assemblee-nationale.fr/13/amendements/1210/121000269.asp","13","1210","269","0","Article PREMIER","Adopté","2009-02-06","M. Rolland","<p>À l'alinéa 44, substituer aux mots :</p><p>« la condition ainsi mise »,</p><p>les mots :</p><p>« l'une des conditions ainsi mises ».</p>","<p>Il s'agit d'un amendement rédactionnel destiné à prendre en compte le fait qu'il existe plusieurs conditions mises à l'octroi de l'autorisation de création, de conversion et de regroupement des activités de soins ou d'installation d'équipements matériels lourds : participation à une ou plusieurs missions de service public, engagement de mettre enoeuvre des mesures de coopération de nature à favoriser une utilisation commune des moyens et la permanence des soins.</p>","693a8279f69449e7226114f36d607772","2009-09-11 07:11:19","2009-09-11 07:11:19"
"18688","NULL","http://www.assemblee-nationale.fr/13/amendements/1210/121000268.asp","13","1210","268","0","Article PREMIER","Adopté","2009-02-06","M. Rolland","<p>À l'alinéa 44, substituer aux mots :</p><p>« au I de »,</p><p>le mot :</p><p>« à ».</p>","<p>Il s'agit d'un amendent rédactionnel destiné à prendre en compte le fait que les conditions de suspension ou de retrait des autorisations de création, de conversion et de regroupement des activités de soins ou d'installation d'équipements matériels lourds sont également définies dans le II de l'article L. 6122-13.</p>","6dd24dbae375df5837426650d1ed1cae","2009-09-11 07:11:19","2009-09-11 07:11:19"
"18690","NULL","http://www.assemblee-nationale.fr/13/amendements/1210/121000265.asp","13","1210","265","0","Article PREMIER","Adopté","2009-02-06","M. Rolland, M. Bur, Mme Génisson, Mme Delaunay, M. Jean-Marie Le Guen, Mme Marisol Touraine, Mme Lemorton, M. Christian Paul, M. Rogemont, Mme Iborra, M. Mallot, M. Jean-Louis Touraine, M. Gille, Mme Biémouret, M. Juanico, M. Lebreton, Mme Orliac, M. Renucci, Mme Pinville, Mme Boulestin, Mme Faure","<p>Compléter l'alinéa 24 par les mots :</p><p>« en fonction des besoins de la population appréciés dans le schéma régional d'organisation des soins »</p>","<p>Le directeur de l'agence régionale de santé pouvant autoriser un établissement privé commercial à assurer des missions de service public, il est proposé de préciser les conditions dans lesquelles ces missions sont assurées, en se fondant sur les besoins de la population.</p>","a23ce163ee85b05a85c5aae82668d0ed","2009-09-11 07:11:19","2009-09-11 07:11:19"
"18691","NULL","http://www.assemblee-nationale.fr/13/amendements/1210/121000264.asp","13","1210","264","0","Article PREMIER","Adopté","2009-02-06","M. Rolland, Mme Génisson, Mme Delaunay, M. Jean-Marie Le Guen, Mme Marisol Touraine, Mme Lemorton, M. Christian Paul, M. Rogemont, Mme Iborra, M. Mallot, M. Jean-Louis Touraine, M. Gille, Mme Biémouret, M. Juanico, M. Lebreton, Mme Orliac, M. Renucci, Mme Pinville, Mme Boulestin, Mme Faure","<p>Compléter l'alinéa 18 par les mots :</p><p>« et de la lutte contre l'exclusion ».</p>","<p>Les associations de lutte contre l'exclusion sont des acteurs essentiels à la lutte contre les exclusions, elles s'adressent aux personnes les plus vulnérables, celles qui ne sont pas dans une logique d'insertion.</p><p>Associer les associations qui oeuvrent dans le domaine de l'insertion et celles qui luttent contre les exclusions permettra d'atteindre un plus grand nombre de personnes, les plus désocialisées et de leur garantir des actions visant à l'insertion dans la vie quotidienne, notamment des actions visant à faciliter l'accès aux soins.</p>","812da13c22a8cf15ecc29b75ca0fb0d9","2009-09-11 07:11:19","2009-09-11 07:11:19"
"18692","NULL","http://www.assemblee-nationale.fr/13/amendements/1210/121000263.asp","13","1210","263","0","Article PREMIER","Adopté","2009-02-06","M. Rolland","<p>Supprimer l'alinéa 7.</p>","<p>Il s'agit d'un amendement rédactionnel. Il ne convient pas d'abroger l'article L. 6111-2 du code de la santé publique puisque le I de l'article 2 le rétablit dans une rédaction différente.</p>","2b63cc1b91337016722a5c196c407409","2009-09-11 07:11:19","2009-09-11 07:11:19"
"18743","NULL","http://www.assemblee-nationale.fr/13/amendements/1210/121000201.asp","13","1210","201","0","Article PREMIER","Adopté","2009-02-06","MM. Le Fur, Pinte","<p>À l'alinéa 67, supprimer la référence :</p><p>« L. 6161-5 ».</p>","<p>Amendement de cohérence visant tirer les conséquences de la nouvelle rédaction de l'article L. 6161-5 relatif à la catégorie des établissements d'intérêt collectif qui a été inséré après l'article 47.</p>","a17af82980c6da6c7cb32a7190393407","2009-09-11 07:11:23","2009-09-11 07:11:23"
"18810","NULL","http://www.assemblee-nationale.fr/13/amendements/1210/121001103.asp","13","1210","1103","0","Article PREMIER","Adopté","2009-02-09","Mme Génisson, Mme Delaunay, Mme Marisol Touraine, M. Jean-Marie Le Guen, Mme Lemorton, M. Christian Paul, M. Bapt, M. Rogemont, M. Mallot, Mme Iborra, M. Jean-Louis Touraine, M. Gille, Mme Biémouret, M. Juanico, M. Lebreton, Mme Orliac, M. Renucci, Mme Pinville, Mme Crozon, Mme Fourneyron, Mme Got, Mme Marcel, Mme Massat, M. Letchimy, M. Manscour, M. Bacquet, M. Pupponi, M. Goldberg, M. Vergnier, les membres du groupe Socialiste, radical, citoyen, divers gauche","<p>Compléter l'alinéa 68 par la phrase suivante :</p><p>« Ils deviennent des établissements de santé privés d'intérêt collectif. »</p>","<p>Cet amendement vise à créer le statut d'établissement de santé d'intérêt collectif pour les établissements de santé qui s'engagent à respecter, dans l'exercice de toutes leurs missions, les garanties pour le patient attachées spécifiquement aux missions de service public, de la même manière qu'un établissement public.</p><p>Etant donné que cet article ouvre la possibilité aux établissements privés de participer à des missions de service public, dans le cadre d'un contrat avec l'agence régionale de santé, la particularité des établissements participant au service public hospitalier (PSPH) disparaît. Or il apparaît important de mentionner la spécificité des ces établissements en leur reconnaissant le statut d'établissement de santé d'intérêt collectif.</p><p>Ainsi les établissements de santé gérés par des organismes à but non lucratif peuvent, jusqu'à la signature de leur prochain contrat pluriannuel d'objectifs et de moyen,s recevoir la qualité d'établissements de santé privés d'intérêt collectif sur simple déclaration à l'agence régionale de santé. Leur appartenance à cette nouvelle catégorie établissements de santé privés d'intérêt collectif sera réexaminée lors de la signature de leur prochain contrat pluriannuel d'objectifs et de moyens.</p>","60c54b7084e7cad20d3d36c06e52f3a3","2009-09-11 07:11:31","2009-09-11 07:11:31"
"18811","NULL","http://www.assemblee-nationale.fr/13/amendements/1210/121001102.asp","13","1210","1102","0","Article PREMIER","Adopté","2009-02-09","Mme Génisson, Mme Delaunay, Mme Marisol Touraine, M. Jean-Marie Le Guen, Mme Lemorton, M. Christian Paul, M. Bapt, M. Rogemont, M. Mallot, Mme Iborra, M. Jean-Louis Touraine, M. Gille, Mme Biémouret, M. Juanico, M. Lebreton, Mme Orliac, M. Renucci, Mme Pinville, Mme Crozon, Mme Fourneyron, Mme Got, Mme Marcel, Mme Massat, M. Letchimy, M. Manscour, M. Bacquet, M. Pupponi, M. Goldberg, M. Vergnier, les membres du groupe Socialiste, radical, citoyen, divers gauche","<p>A l'alinéa 68, après les mots :</p><p>« ce contrat »,</p><p>insérer les mots :</p><p>« , s'ils le souhaitent, ».</p>","<p>Cet amendement vise à créer le statut d'établissement de santé d'intérêt collectif pour les établissements de santé qui s'engagent à respecter, dans l'exercice de toutes leurs missions, les garanties pour le patient attachées spécifiquement aux missions de service public, de la même manière qu'un établissement public.</p><p>Etant donné que cet article ouvre la possibilité aux établissements privés de participer à des missions de service public, dans le cadre d'un contrat avec l'agence régionale de santé, la particularité des établissements participant au service public hospitalier (PSPH) disparaît. Or il apparaît important de mentionner la spécificité des ces établissements en leur reconnaissant le statut d'établissement de santé d'intérêt collectif.</p><p>Ainsi les établissements de santé gérés par des organismes à but non lucratif peuvent, jusqu'à la signature de leur prochain contrat pluriannuel d'objectifs et de moyen,s recevoir la qualité d'établissements de santé privés d'intérêt collectif sur simple déclaration à l'agence régionale de santé. Leur appartenance à cette nouvelle catégorie établissements de santé privés d'intérêt collectif sera réexaminée lors de la signature de leur prochain contrat pluriannuel d'objectifs et de moyens.</p>","daf580031831f0e415b62a638b72cd0f","2009-09-11 07:11:31","2009-09-11 07:11:31"
"18814","NULL","http://www.assemblee-nationale.fr/13/amendements/1210/121001094.asp","13","1210","1094","0","Article PREMIER","Adopté","2009-02-09","Mme Génisson, Mme Delaunay, Mme Marisol Touraine, M. Jean-Marie Le Guen, Mme Lemorton, M. Christian Paul, M. Bapt, M. Rogemont, M. Mallot, Mme Iborra, M. Jean-Louis Touraine, M. Gille, Mme Biémouret, M. Juanico, M. Lebreton, Mme Orliac, M. Renucci, Mme Pinville, Mme Crozon, Mme Fourneyron, Mme Got, Mme Marcel, Mme Massat, M. Letchimy, M. Manscour, M. Bacquet, M. Pupponi, M. Goldberg, M. Vergnier, les membres du groupe Socialiste, radical, citoyen, divers gauche","<p>Compléter l'alinéa 24 par les mots :</p><p>« , en fonction des besoins de la population appréciés dans le schéma régional d'organisation des soins »</p>","<p>Cet amendement vise à préciser que les missions de service public, avant d'envisager de les accorder à un établissement de santé, doivent être appréciées en lien avec les besoins de la population.</p>","bc6ac8ffdf7a85d0212de5bac5e0899f","2009-09-11 07:11:31","2009-09-11 07:11:31"
"18815","NULL","http://www.assemblee-nationale.fr/13/amendements/1210/121001093.asp","13","1210","1093","0","Article PREMIER","Adopté","2009-02-09","Mme Génisson, Mme Delaunay, Mme Marisol Touraine, M. Jean-Marie Le Guen, Mme Lemorton, M. Christian Paul, M. Bapt, M. Rogemont, M. Mallot, Mme Iborra, M. Jean-Louis Touraine, M. Gille, Mme Biémouret, M. Juanico, M. Lebreton, Mme Orliac, M. Renucci, Mme Pinville, Mme Crozon, Mme Fourneyron, Mme Got, Mme Marcel, Mme Massat, M. Letchimy, M. Manscour, M. Bacquet, M. Pupponi, M. Goldberg, M. Vergnier, les membres du groupe Socialiste, radical, citoyen, divers gauche","<p>Compléter l'alinéa 18 par les mots :</p><p>« et de la lutte contre l'exclusion ».</p>","<p>Les associations de lutte contre l'exclusion sont des acteurs essentiels à la lutte contre les exclusions, elles s'adressent aux personnes les plus vulnérables, celles qui ne sont pas dans une logique d'insertion.</p><p>Associer les associations qui oeuvrent dans le domaine de l'insertion et celles qui luttent contre les exclusions permettra d'atteindre un plus grand nombre de personnes, les plus désocialisées et de leur garantir des actions visant à l'insertion dans la vie quotidienne, notamment des actions visant à faciliter l'accès aux soins.</p>","812da13c22a8cf15ecc29b75ca0fb0d9","2009-09-11 07:11:31","2009-09-11 07:11:31"
"18817","NULL","http://www.assemblee-nationale.fr/13/amendements/1210/121001087.asp","13","1210","1087","0","Article PREMIER","Adopté","2009-02-09","M. Bur","<p>À l'alinéa 77, substituer au mot :</p><p>« leur »,</p><p>le mot :</p><p>« sa ».</p>","<p>Ces dispositions ont été adoptées par le Parlement dans l'article 55 de la loi de financement de la sécurité sociale pour 2009 mais elles ont été disjointes par le Conseil constitutionnel qui a estimé que ces mesures n'ont pas d'effet ou ont un effet trop indirect sur les dépenses des régimes d'assurance maladie.</p><p>Elles ont pour objet, de permettre au directeur de l'Agence régionale de santé de prendre les mesures nécessaires en cas de difficulté financière ou de dysfonctionnement d'un établissement de santé privé antérieurement sous dotation globale.</p><p>Le Gouvernement souhaite reprendre ces dispositions qui  visent à garantir la continuité du service pendant la période transitoire.</p><p>La procédure introduite ici permet très rapidement au directeur de l'ARS :</p><p>- dans un premier temps, de faire mettre en place un plan de redressement par le gestionnaire de l'établissement</p><p>- et, si cela ne suffit pas, dans un second temps, de nommer un administrateur provisoire pour mettre fin aux dysfonctionnements et mettre enoeuvre le plan de redressement.</p>","50887ca0d99c4b581aa46b7846d49d76","2009-09-11 07:11:32","2009-09-11 07:11:32"
"18818","NULL","http://www.assemblee-nationale.fr/13/amendements/1210/121001086.asp","13","1210","1086","0","Article PREMIER","Adopté","2009-02-09","M. Bur","<p>À l'alinéa 77, supprimer les mots :</p><p>« des articles L. 6161-3-1 et ».</p>","<p>Ces dispositions ont été adoptées par le Parlement dans l'article 55 de la loi de financement de la sécurité sociale pour 2009 mais elles ont été disjointes par le Conseil constitutionnel qui a estimé que ces mesures n'ont pas d'effet ou ont un effet trop indirect sur les dépenses des régimes d'assurance maladie.</p><p>Elles ont pour objet, de permettre au directeur de l'Agence régionale de santé de prendre les mesures nécessaires en cas de difficulté financière ou de dysfonctionnement d'un établissement de santé privé antérieurement sous dotation globale.</p><p>Le Gouvernement souhaite reprendre ces dispositions qui  visent à garantir la continuité du service pendant la période transitoire.</p><p>La procédure introduite ici permet très rapidement au directeur de l'ARS :</p><p>- dans un premier temps, de faire mettre en place un plan de redressement par le gestionnaire de l'établissement</p><p>- et, si cela ne suffit pas, dans un second temps, de nommer un administrateur provisoire pour mettre fin aux dysfonctionnements et mettre enoeuvre le plan de redressement.</p>","46cf928ce36f92e0796317da05f31307","2009-09-11 07:11:33","2009-09-11 07:11:33"
"18849","NULL","http://www.assemblee-nationale.fr/13/amendements/1210/121000859.asp","13","1210","859","0","Article PREMIER","Adopté","2009-02-09","M. Préel, M. Jardé, M. Leteurtre","<p>Compléter l'alinéa 24 par les mots :</p><p>« , en fonction des besoins de la population appréciés dans le schéma régional d'organisation des soins. »</p>","<p>Le projet de loi prévoit que le directeur de l'agence régionale de santé peut autoriser un établissement privé commercial à assurer des missions de service public. Il convient de préciser les conditions dans lesquelles ces missions sont assurées, en se fondant sur le constat d'une carence de service public hospitalier, dans le cas où l'hôpital public ou l'établissement de santé privé d'intérêt collectif ne peuvent l'assurer pour des raisons locales, en particulier au regard de la démographie médicale. Il est donc proposé de préciser les conditions dans lesquelles les missions de service public peuvent être exercées par les établissements de santé.</p>","4e0a1752d1499ffa08af2eed9f1711ed","2009-09-11 07:11:35","2009-09-11 07:11:35"
"19053","NULL","http://www.assemblee-nationale.fr/13/amendements/1210/121000275.asp","13","1210","275","0","Article PREMIER","Adopté","2009-02-09","M. Rolland, M. Aboud, M. Bardet, M. Bernier, Mme Boyer, M. Breton, M. Bur, M. Cherpion, M. Chossy, Mme Dalloz, M. Debré, M. Delatte, M. Descoeur, M. Domergue, Mme Gallez, M. Gandolfi-Scheit, M. Gaudron, M. Gaultier, M. Gaymard, M. Jacquat, M. Jeanneteau, M. Lefrand, Mme Levy, M. Malherbe, M. Alain Marc, M. Mathis, M. Méhaignerie, M. Morange, M. Perrut, Mme Poletti, M. Reiss, Mme Rosso-Debord, M. Tian, Mme Vasseur, M. Verchère, M. Victoria","<p>Compléter l'alinéa 68 par la phrase suivante :</p><p>« Ils deviennent des établissements de santé privés d'intérêt collectif. ».</p>","<p>Les établissements de santé privés qui ont été admis à participer à l'exécution du service public hospitalier (SPHP) deviennent automatiquement des établissements de santé privés d'intérêt collectif sans qu'il soit nécessaire pour eux, à la différence des autres établissements de santé privés gérés par des organismes sans but lucratif, de faire une déclaration à l'agence régionale de santé.</p>","162294829d9c3a79234bcd76ad08c59c","2009-09-11 07:11:52","2009-09-11 07:11:52"
"19054","NULL","http://www.assemblee-nationale.fr/13/amendements/1210/121000274.asp","13","1210","274","0","Article PREMIER","Adopté","2009-02-09","M. Rolland, M. Bernier, M. Bur, M. Colombier, M. Door, M. Gandolfi-Scheit, Mme Gallez, M. Méhaignerie, M. Morange, Mme Poletti, Mme Vasseur, M. Tian","<p>À l'alinéa 68, après les mots :</p><p>« ce contrat »,</p><p>insérer les mots :</p><p>« s'ils le souhaitent ».</p>","<p>Il s'agit de garantir que les établissements de santé privés qui ont été admis à participer à l'exécution du service public hospitalier ne pourront pas se voir imposer de renoncer à exercer les missions pour lesquelles ils y ont été admis ou celles prévues par leur contrat pluriannuel d'objectifs et de moyens avant la fin du processus de convergence intersectorielle.</p>","35210b4cbf6213f1b6da0d3afcea27fc","2009-09-11 07:11:52","2009-09-11 07:11:52"
"19117","NULL","http://www.assemblee-nationale.fr/13/amendements/1210/121001180.asp","13","1210","1180","0","Article PREMIER","Adopté","2009-02-10","M. Rolland","<p>Compléter l'alinéa 77 par la phrase suivante :</p><p>« Les dispositions des deuxième, troisième, quatrième, cinquième et sixième alinéas du XVIII bis du présent article leur sont applicables. »</p>","<p>Ces dispositions ont été adoptées par le Parlement dans l'article 55 de la loi de financement de la sécurité sociale pour 2009 mais elles ont été disjointes par le Conseil constitutionnel qui a estimé que ces mesures n'ont pas d'effet ou ont un effet trop indirect sur les dépenses des régimes d'assurance maladie.</p><p>Elles ont pour objet, de permettre au directeur de l'Agence régionale de santé de prendre les mesures nécessaires en cas de difficulté financière ou de dysfonctionnement d'un établissement de santé privé antérieurement sous dotation globale.</p><p>Il est souhaitable de reprendre ces dispositions qui  visent à garantir la continuité du service pendant la période transitoire.</p><p>La procédure introduite ici permet très rapidement au directeur de l'ARS :</p><p>- dans un premier temps, de faire mettre en place un plan de redressement par le gestionnaire de l'établissement</p><p>- et, si cela ne suffit pas, dans un second temps, de nommer un administrateur provisoire pour mettre fin aux dysfonctionnements et mettre enoeuvre le plan de redressement.</p>","6207991f547d02c9da8b5e936ab91dc2","2009-09-11 07:12:00","2009-09-11 07:12:00"
"19118","NULL","http://www.assemblee-nationale.fr/13/amendements/1210/121001179.asp","13","1210","1179","0","Article PREMIER","Adopté","2009-02-10","M. Rolland","<p>À l'alinéa 77, substituer au mot :</p><p>« leur »,</p><p>le mot :</p><p>« sa ».</p>","<p>Ces dispositions ont été adoptées par le Parlement dans l'article 55 de la loi de financement de la sécurité sociale pour 2009 mais elles ont été disjointes par le Conseil constitutionnel qui a estimé que ces mesures n'ont pas d'effet ou ont un effet trop indirect sur les dépenses des régimes d'assurance maladie.</p><p>Elles ont pour objet, de permettre au directeur de l'Agence régionale de santé de prendre les mesures nécessaires en cas de difficulté financière ou de dysfonctionnement d'un établissement de santé privé antérieurement sous dotation globale.</p><p>Il est souhaitable de reprendre ces dispositions qui  visent à garantir la continuité du service pendant la période transitoire.</p><p>La procédure introduite ici permet très rapidement au directeur de l'ARS :</p><p>- dans un premier temps, de faire mettre en place un plan de redressement par le gestionnaire de l'établissement</p><p>- et, si cela ne suffit pas, dans un second temps, de nommer un administrateur provisoire pour mettre fin aux dysfonctionnements et mettre enoeuvre le plan de redressement.</p>","50887ca0d99c4b581aa46b7846d49d76","2009-09-11 07:12:00","2009-09-11 07:12:00"
"19119","NULL","http://www.assemblee-nationale.fr/13/amendements/1210/121001178.asp","13","1210","1178","0","Article PREMIER","Adopté","2009-02-10","M. Rolland","<p>À l'alinéa 77, supprimer les mots :</p><p>« des articles L. 6161-3-1 et ».</p>","<p>Ces dispositions ont été adoptées par le Parlement dans l'article 55 de la loi de financement de la sécurité sociale pour 2009 mais elles ont été disjointes par le Conseil constitutionnel qui a estimé que ces mesures n'ont pas d'effet ou ont un effet trop indirect sur les dépenses des régimes d'assurance maladie.</p><p>Elles ont pour objet, de permettre au directeur de l'Agence régionale de santé de prendre les mesures nécessaires en cas de difficulté financière ou de dysfonctionnement d'un établissement de santé privé antérieurement sous dotation globale.</p><p>Il est souhaitable de reprendre ces dispositions qui  visent à garantir la continuité du service pendant la période transitoire.</p><p>La procédure introduite ici permet très rapidement au directeur de l'ARS :</p><p>- dans un premier temps, de faire mettre en place un plan de redressement par le gestionnaire de l'établissement</p><p>- et, si cela ne suffit pas, dans un second temps, de nommer un administrateur provisoire pour mettre fin aux dysfonctionnements et mettre enoeuvre le plan de redressement.</p>","46cf928ce36f92e0796317da05f31307","2009-09-11 07:12:00","2009-09-11 07:12:00"
"19120","NULL","http://www.assemblee-nationale.fr/13/amendements/1210/121001177.asp","13","1210","1177","0","Article PREMIER","Adopté","2009-02-10","M. Rolland","<p>À l'alinéa 73, substituer aux mots :</p><p>« de l'article L. 6161-3-1 du code de la santé publique, dans sa rédaction antérieure à la présente loi, leur restent »,</p><p>les mots :</p><p>« des deuxième, troisième, quatrième, cinquième et sixième alinéas du XVIII bis du présent article leur sont ».</p>","<p>Ces dispositions ont été adoptées par le Parlement dans l'article 55 de la loi de financement de la sécurité sociale pour 2009 mais elles ont été disjointes par le Conseil constitutionnel qui a estimé que ces mesures n'ont pas d'effet ou ont un effet trop indirect sur les dépenses des régimes d'assurance maladie.</p><p>Elles ont pour objet, de permettre au directeur de l'Agence régionale de santé de prendre les mesures nécessaires en cas de difficulté financière ou de dysfonctionnement d'un établissement de santé privé antérieurement sous dotation globale.</p><p>Il est souhaitable de reprendre ces dispositions qui  visent à garantir la continuité du service pendant la période transitoire.</p><p>La procédure introduite ici permet très rapidement au directeur de l'ARS :</p><p>- dans un premier temps, de faire mettre en place un plan de redressement par le gestionnaire de l'établissement</p><p>- et, si cela ne suffit pas, dans un second temps, de nommer un administrateur provisoire pour mettre fin aux dysfonctionnements et mettre enoeuvre le plan de redressement.</p>","be30a412ed17ef619b77a47bef42410c","2009-09-11 07:12:00","2009-09-11 07:12:00"
"19121","NULL","http://www.assemblee-nationale.fr/13/amendements/1210/121001176.asp","13","1210","1176","0","Article PREMIER","Adopté","2009-02-10","M. Rolland","<p>Après le mot :</p><p>« dispositions »,</p><p>rédiger ainsi la fin de l'alinéa 70 :</p><p>« du XVIII bis du présent article et du dernier alinéa de l'article 6161-7 du code de la santé publique, dans sa rédaction antérieure à la présente loi, leur sont applicables ».</p>","<p>Ces dispositions ont été adoptées par le Parlement dans l'article 55 de la loi de financement de la sécurité sociale pour 2009 mais elles ont été disjointes par le Conseil constitutionnel qui a estimé que ces mesures n'ont pas d'effet ou ont un effet trop indirect sur les dépenses des régimes d'assurance maladie.</p><p>Elles ont pour objet, de permettre au directeur de l'Agence régionale de santé de prendre les mesures nécessaires en cas de difficulté financière ou de dysfonctionnement d'un établissement de santé privé antérieurement sous dotation globale.</p><p>Il est souhaitable de reprendre ces dispositions qui  visent à garantir la continuité du service pendant la période transitoire.</p><p>La procédure introduite ici permet très rapidement au directeur de l'ARS :</p><p>- dans un premier temps, de faire mettre en place un plan de redressement par le gestionnaire de l'établissement</p><p>- et, si cela ne suffit pas, dans un second temps, de nommer un administrateur provisoire pour mettre fin aux dysfonctionnements et mettre enoeuvre le plan de redressement.</p>","f95104feb09adbe16101ec170ad3f4f4","2009-09-11 07:12:00","2009-09-11 07:12:00"
"19122","NULL","http://www.assemblee-nationale.fr/13/amendements/1210/121001175.asp","13","1210","1175","0","Article PREMIER","Adopté","2009-02-10","M. Rolland","<p>Après l'alinéa 77, insérer les six alinéas suivants :</p><p>« XVIII bis. - Jusqu'à la date choisie en application du premier alinéa du XVI, les dispositions suivantes sont applicables aux établissements de santé privés qui ont été admis à participer à l'exécution du service public hospitalier à la date de publication de la présente loi :</p><p>« Lorsque le directeur général de l'agence régionale de santé estime que la situation financière de l'établissement l'exige et, à tout le moins, lorsque le suivi et l'analyse de l'exécution de l'état des prévisions de recettes et de dépenses prévus à l'article L. 6145-1 ou le compte financier font apparaître un déséquilibre financier répondant à des critères définis par décret ou lorsque sont constatés des dysfonctionnements dans la gestion de l'établissement, le directeur général de l'agence régionale de santé adresse à la personne morale gestionnaire une injonction de remédier au déséquilibre financier ou aux dysfonctionnements constatés et de produire un plan de redressement adapté, dans un délai qu'il fixe. Ce délai doit être raisonnable et adapté à l'objectif recherché.</p><p>« Les modalités de retour à l'équilibre financier donnent lieu à la signature d'un avenant au contrat pluriannuel d'objectifs et de moyens prévu à l'article L. 6114-1.</p><p>« S'il n'est pas satisfait à l'injonction, ou en cas de refus de l'établissement de signer l'avenant susmentionné, le directeur général de l'agence régionale de santé peut désigner un administrateur provisoire de l'établissement pour une durée qui ne peut être supérieure à six mois renouvelable une fois. Si l'organisme gestionnaire gère également des établissements ou services qui relèvent de la compétence tarifaire du représentant de l'État ou du président du conseil général, l'administrateur provisoire est désigné conjointement par le représentant de l'État dans le département et le directeur général de l'agence régionale de santé. L'administrateur doit satisfaire aux conditions définies aux deuxième, troisième et quatrième alinéas de l'article L. 811-2 du code de commerce.</p><p>« L'administrateur provisoire accomplit, pour le compte de l'établissement, les actes d'administration urgents ou nécessaires pour mettre fin aux dysfonctionnements ou irrégularités constatés et préparer et mettre enoeuvre un plan de redressement. La rémunération de l'administrateur est assurée par les établissements gérés par l'organisme et répartie entre les établissements ou services au prorata des charges d'exploitation de chacun d'eux. L'administrateur justifie, pour ses missions, d'une assurance couvrant les conséquences financières de la responsabilité conformément aux dispositions de l'article L. 814-5 du code de commerce, prise en charge dans les mêmes conditions que la rémunération.</p><p>« En cas d'échec de l'administration provisoire, le directeur général de l'agence régionale de santé peut saisir le commissaire aux comptes pour la mise enoeuvre de l'article L. 612-3 du code de commerce. »</p>","<p>Ces dispositions ont été adoptées par le Parlement dans l'article 55 de la loi de financement de la sécurité sociale pour 2009 mais elles ont été disjointes par le Conseil constitutionnel qui a estimé que ces mesures n'ont pas d'effet ou ont un effet trop indirect sur les dépenses des régimes d'assurance maladie.</p><p>Elles ont pour objet, de permettre au directeur de l'Agence régionale de santé de prendre les mesures nécessaires en cas de difficulté financière ou de dysfonctionnement d'un établissement de santé privé antérieurement sous dotation globale.</p><p>Il est souhaitable de reprendre ces dispositions qui  visent à garantir la continuité du service pendant la période transitoire.</p><p>La procédure introduite ici permet très rapidement au directeur de l'ARS :</p><p>- dans un premier temps, de faire mettre en place un plan de redressement par le gestionnaire de l'établissement</p><p>- et, si cela ne suffit pas, dans un second temps, de nommer un administrateur provisoire pour mettre fin aux dysfonctionnements et mettre enoeuvre le plan de redressement.</p>","0fa80715a1ed73159e36927efb046750","2009-09-11 07:12:00","2009-09-11 07:12:00"
"19176","NULL","http://www.assemblee-nationale.fr/13/amendements/1210/121001099.asp","13","1210","1099","0","Article PREMIER","Adopté","2009-02-10","Mme Génisson, Mme Delaunay, Mme Marisol Touraine, M. Jean-Marie Le Guen, Mme Lemorton, M. Christian Paul, M. Bapt, M. Rogemont, M. Mallot, Mme Iborra, M. Jean-Louis Touraine, M. Gille, Mme Biémouret, M. Juanico, M. Lebreton, Mme Orliac, M. Renucci, Mme Pinville, Mme Crozon, Mme Fourneyron, Mme Got, Mme Marcel, Mme Massat, M. Letchimy, M. Manscour, M. Bacquet, M. Pupponi, M. Goldberg, M. Vergnier, les membres du groupe Socialiste, radical, citoyen, divers gauche","<p>I. - Après l'alinéa 47, insérer les six alinéas suivants :</p><p>« VII bis. - L'article L. 6161-5 du même code est ainsi rédigé :</p><p>« Art. L. 6161-5. - Sont qualifiés d'établissements de santé privés d'intérêt collectif :</p><p>« 1° Les centres de lutte contre le cancer ;</p><p>« 2° Jusqu'à la signature de leur prochain contrat pluriannuel d'objectifs et de moyens, les établissements de santé privés gérés par des organismes sans but lucratif qui en font la déclaration à l'agence régionale de santé.</p><p>« Les obligations à l'égard des patients prévues au 1° et au 2° de l'article L. 6112-3 sont applicables aux établissements de santé privés d'intérêt collectif pour l'ensemble de leurs missions.</p><p>« Les établissements de santé privés d'intérêt collectif appliquent aux assurés sociaux les tarifs prévus aux articles L. 162-20 et L. 162-26 du code de la sécurité sociale, sans préjudice des dispositions des articles L. 6146-2 et L. 6154-1 du présent code. ».</p>","<p>Cet amendement vise à créer le statut d'établissement de santé d'intérêt collectif pour les établissements de santé qui s'engagent à respecter, dans l'exercice de toutes leurs missions, les garanties pour le patient attachées spécifiquement aux missions de service public, de la même manière qu'un établissement public.</p><p>Etant donné que cet article ouvre la possibilité aux établissements privés de participer à des missions de service public, dans le cadre d'un contrat avec l'agence régionale de santé, la particularité des établissements participant au service public hospitalier (PSPH) disparaît. Or il apparaît important de mentionner la spécificité des ces établissements en leur reconnaissant le statut d'établissement de santé d'intérêt collectif.</p><p>Ainsi les établissements de santé gérés par des organismes à but non lucratif peuvent, jusqu'à la signature de leur prochain contrat pluriannuel d'objectifs et de moyens recevoir la qualité d'établissements de santé privés d'intérêt collectif sur simple déclaration à l'agence régionale de santé. Leur appartenance à cette nouvelle catégorie établissements de santé privés d'intérêt collectif sera réexaminée lors de la signature de leur prochain contrat pluriannuel d'objectifs et de moyens.</p>","20ae20303288c79c01433866c199e502","2009-09-11 07:12:08","2009-09-11 07:12:08"
"19180","NULL","http://www.assemblee-nationale.fr/13/amendements/1210/121001088.asp","13","1210","1088","0","Article PREMIER","Adopté","2009-02-10","M. Bur","<p>Compléter l'alinéa 77 par la phrase suivante :</p><p>« Les dispositions des deuxième, troisième, quatrième, cinquième et sixième alinéas du XVIII bis du présent article leur sont applicables. »</p>","<p>Ces dispositions ont été adoptées par le Parlement dans l'article 55 de la loi de financement de la sécurité sociale pour 2009 mais elles ont été disjointes par le Conseil constitutionnel qui a estimé que ces mesures n'ont pas d'effet ou ont un effet trop indirect sur les dépenses des régimes d'assurance maladie.</p><p>Elles ont pour objet, de permettre au directeur de l'Agence régionale de santé de prendre les mesures nécessaires en cas de difficulté financière ou de dysfonctionnement d'un établissement de santé privé antérieurement sous dotation globale.</p><p>Le Gouvernement souhaite reprendre ces dispositions qui  visent à garantir la continuité du service pendant la période transitoire.</p><p>La procédure introduite ici permet très rapidement au directeur de l'ARS :</p><p>- dans un premier temps, de faire mettre en place un plan de redressement par le gestionnaire de l'établissement</p><p>- et, si cela ne suffit pas, dans un second temps, de nommer un administrateur provisoire pour mettre fin aux dysfonctionnements et mettre enoeuvre le plan de redressement.</p>","6207991f547d02c9da8b5e936ab91dc2","2009-09-11 07:12:09","2009-09-11 07:12:09"
"19181","NULL","http://www.assemblee-nationale.fr/13/amendements/1210/121001085.asp","13","1210","1085","0","Article PREMIER","Adopté","2009-02-10","M. Bur","<p>À l'alinéa 73, substituer aux mots :</p><p>« de l'article L. 6161-3-1 du code de la santé publique, dans sa rédaction antérieure à la présente loi, leur restent »,</p><p>les mots :</p><p>« des deuxième, troisième, quatrième, cinquième et sixième alinéas du XVIII bis du présent article leur sont ».</p>","<p>Ces dispositions ont été adoptées par le Parlement dans l'article 55 de la loi de financement de la sécurité sociale pour 2009 mais elles ont été disjointes par le Conseil constitutionnel qui a estimé que ces mesures n'ont pas d'effet ou ont un effet trop indirect sur les dépenses des régimes d'assurance maladie.</p><p>Elles ont pour objet, de permettre au directeur de l'Agence régionale de santé de prendre les mesures nécessaires en cas de difficulté financière ou de dysfonctionnement d'un établissement de santé privé antérieurement sous dotation globale.</p><p>Le Gouvernement souhaite reprendre ces dispositions qui  visent à garantir la continuité du service pendant la période transitoire.</p><p>La procédure introduite ici permet très rapidement au directeur de l'ARS :</p><p>- dans un premier temps, de faire mettre en place un plan de redressement par le gestionnaire de l'établissement</p><p>- et, si cela ne suffit pas, dans un second temps, de nommer un administrateur provisoire pour mettre fin aux dysfonctionnements et mettre enoeuvre le plan de redressement.</p>","be30a412ed17ef619b77a47bef42410c","2009-09-11 07:12:09","2009-09-11 07:12:09"
"19182","NULL","http://www.assemblee-nationale.fr/13/amendements/1210/121001084.asp","13","1210","1084","0","Article PREMIER","Adopté","2009-02-10","M. Bur","<p>Après l'alinéa 77, insérer les six alinéas suivants :</p><p>« XVIII bis. - Jusqu'à la date choisie en application du premier alinéa du XVI, les dispositions suivantes sont applicables aux établissements de santé privés qui ont été admis à participer à l'exécution du service public hospitalier à la date de publication de la présente loi :</p><p>« Lorsque le directeur général de l'agence régionale de santé estime que la situation financière de l'établissement l'exige et, à tout le moins, lorsque le suivi et l'analyse de l'exécution de l'état des prévisions de recettes et de dépenses prévus à l'article L. 6145-1 ou le compte financier font apparaître un déséquilibre financier répondant à des critères définis par décret ou lorsque sont constatés des dysfonctionnements dans la gestion de l'établissement, le directeur général de l'agence régionale de santé adresse à la personne morale gestionnaire une injonction de remédier au déséquilibre financier ou aux dysfonctionnements constatés et de produire un plan de redressement adapté, dans un délai qu'il fixe. Ce délai doit être raisonnable et adapté à l'objectif recherché.</p><p>« Les modalités de retour à l'équilibre financier donnent lieu à la signature d'un avenant au contrat pluriannuel d'objectifs et de moyens prévu à l'article L. 6114-1.</p><p>« S'il n'est pas satisfait à l'injonction, ou en cas de refus de l'établissement de signer l'avenant susmentionné, le directeur général de l'agence régionale de santé peut désigner un administrateur provisoire de l'établissement pour une durée qui ne peut être supérieure à six mois renouvelable une fois. Si l'organisme gestionnaire gère également des établissements ou services qui relèvent de la compétence tarifaire du représentant de l'État ou du président du conseil général, l'administrateur provisoire est désigné conjointement par le représentant de l'État dans le département et le directeur général de l'agence régionale de santé. L'administrateur doit satisfaire aux conditions définies aux deuxième, troisième et quatrième alinéas de l'article L. 811-2 du code de commerce.</p><p>« L'administrateur provisoire accomplit, pour le compte de l'établissement, les actes d'administration urgents ou nécessaires pour mettre fin aux dysfonctionnements ou irrégularités constatés et préparer et mettre enoeuvre un plan de redressement. La rémunération de l'administrateur est assurée par les établissements gérés par l'organisme et répartie entre les établissements ou services au prorata des charges d'exploitation de chacun d'eux. L'administrateur justifie, pour ses missions, d'une assurance couvrant les conséquences financières de la responsabilité conformément aux dispositions de l'article L. 814-5 du code de commerce, prise en charge dans les mêmes conditions que la rémunération.</p><p>« En cas d'échec de l'administration provisoire, le directeur général de l'agence régionale de santé peut saisir le commissaire aux comptes pour la mise enoeuvre de l'article L. 612-3 du code de commerce. »</p>","<p>Ces dispositions ont été adoptées par le Parlement dans l'article 55 de la loi de financement de la sécurité sociale pour 2009 mais elles ont été disjointes par le Conseil constitutionnel qui a estimé que ces mesures n'ont pas d'effet ou ont un effet trop indirect sur les dépenses des régimes d'assurance maladie.</p><p>Elles ont pour objet, de permettre au directeur de l'Agence régionale de santé de prendre les mesures nécessaires en cas de difficulté financière ou de dysfonctionnement d'un établissement de santé privé antérieurement sous dotation globale.</p><p>Le Gouvernement souhaite reprendre ces dispositions qui  visent à garantir la continuité du service pendant la période transitoire.</p><p>La procédure introduite ici permet très rapidement au directeur de l'ARS :</p><p>- dans un premier temps, de faire mettre en place un plan de redressement par le gestionnaire de l'établissement</p><p>- et, si cela ne suffit pas, dans un second temps, de nommer un administrateur provisoire pour mettre fin aux dysfonctionnements et mettre enoeuvre le plan de redressement.</p>","0fa80715a1ed73159e36927efb046750","2009-09-11 07:12:09","2009-09-11 07:12:09"
"19183","NULL","http://www.assemblee-nationale.fr/13/amendements/1210/121001083.asp","13","1210","1083","0","Article PREMIER","Adopté","2009-02-10","M. Bur","<p>Après le mot :</p><p>« dispositions »,</p><p>rédiger ainsi la fin de l'alinéa 70 :</p><p>« du XVIII bis du présent article et du dernier alinéa de l'article 6161-7 du code de la santé publique, dans sa rédaction antérieure à la présente loi, leur sont applicables ».</p>","<p>Ces dispositions ont été adoptées par le Parlement dans l'article 55 de la loi de financement de la sécurité sociale pour 2009 mais elles ont été disjointes par le Conseil constitutionnel qui a estimé que ces mesures n'ont pas d'effet ou ont un effet trop indirect sur les dépenses des régimes d'assurance maladie.</p><p>Elles ont pour objet, de permettre au directeur de l'Agence régionale de santé de prendre les mesures nécessaires en cas de difficulté financière ou de dysfonctionnement d'un établissement de santé privé antérieurement sous dotation globale.</p><p>Le Gouvernement souhaite reprendre ces dispositions qui  visent à garantir la continuité du service pendant la période transitoire.</p><p>La procédure introduite ici permet très rapidement au directeur de l'ARS :</p><p>- dans un premier temps, de faire mettre en place un plan de redressement par le gestionnaire de l'établissement</p><p>- et, si cela ne suffit pas, dans un second temps, de nommer un administrateur provisoire pour mettre fin aux dysfonctionnements et mettre enoeuvre le plan de redressement.</p>","f95104feb09adbe16101ec170ad3f4f4","2009-09-11 07:12:09","2009-09-11 07:12:09"
"19345","NULL","http://www.assemblee-nationale.fr/13/amendements/1210/121000865.asp","13","1210","865","1","Article PREMIER","Adopté","2009-02-10","M. Préel, M. Jardé, M. Leteurtre","<p>Après l'alinéa 47, insérer l'alinéa suivant :</p><p>« Art. L. 6161-4-1. - Afin de remédier à une difficulté d'accès aux soins constatée par l'agence régionale de santé, un établissement de santé ou un titulaire d'autorisation peut être assujetti, par son contrat pluriannuel d'objectifs et de moyens mentionné à l'article L. 6114-1, à garantir, pour certaines disciplines ou spécialités et dans une limite fixée par décret, une proportion minimale d'actes facturés sans dépassement d'honoraires, en dehors de ceux délivrés aux bénéficiaires du droit à la protection complémentaire en matière de santé et des situations d'urgence. L'établissement de santé ou le titulaire de l'autorisation modifie le cas échéant les contrats conclus pour l'exercice d'une profession médicale mentionnés au premier et deuxième alinéa de l'article L. 4113-9. Le refus par le praticien de réviser son contrat en constitue un motif de rupture sans faute. »</p>","<p>Dans certains territoires, il existe une offre de soins à tarif opposable trop limitée. Le présent amendement vise à donner au directeur général de l'agence régionale de santé des outils permettant de garantir à la population la possibilité d'un accès à des soins respectant le tarif opposable, au moins pour les soins les plus lourds et coûteux, qui sont délivrés en établissements.</p>","f9a00fdaf995458b6ebf175b4d0d1add","2009-09-11 07:12:25","2009-09-11 07:12:25"
"19360","NULL","http://www.assemblee-nationale.fr/13/amendements/1210/121000830.asp","13","1210","830","0","Article PREMIER","Adopté","2009-02-10","M. Bur","<p>Compléter l'alinéa 47 par les mots :</p><p>« qui ne peut être mise à la charge de l'établissement. »</p>","<p>Il s'agit de prévoir, lorsque les contrats d'exercice signés entre les médecins libéraux et les établissements appelés à assumer des missions de service public, que la rupture du contrat qui interviendrait suite au refus d'un médecin de renégocier les conditions de son contrat que celui-ci ne pourrait entraîner d'indemnisation financière à la charge de l'établissement.</p>","c2fb42d49d4c0834539c55d8e14cd30f","2009-09-11 07:12:26","2009-09-11 07:12:26"
"19383","NULL","http://www.assemblee-nationale.fr/13/amendements/1210/121000271.asp","13","1210","271","0","Article PREMIER","Adopté","2009-02-10","M. Rolland, M. Aboud, M. Bardet, M. Bernier, Mme Boyer, M. Breton, M. Bur, M. Cherpion, M. Chossy, Mme Dalloz, M. Debré, M. Delatte, M. Descoeur, M. Domergue, Mme Gallez, M. Gandolfi-Scheit, M. Gaudron, M. Gaultier, M. Gaymard, M. Jacquat, M. Jeanneteau, M. Lefrand, Mme Levy, M. Malherbe, M. Alain Marc, M. Mathis, M. Méhaignerie, M. Morange, M. Perrut, Mme Poletti, M. Reiss, Mme Rosso-Debord, M. Tian, Mme Vasseur, M. Verchère, M. Victoria","<p>Après l'alinéa 47, insérer les six alinéas suivants :</p><p>« VII bis. - L'article L. 6161-5 du même code est ainsi rédigé :</p><p>« Art. L. 6161-5. - Sont qualifiés d'établissements de santé privés d'intérêt collectif :</p><p>« 1° Les centres de lutte contre le cancer ;</p><p>« 2° Jusqu'à la signature de leur prochain contrat pluriannuel d'objectifs et de moyens, les établissements de santé privés gérés par des organismes sans but lucratif qui en font la déclaration à l'agence régionale de santé.</p><p>« Les obligations à l'égard des patients prévues au 1° et au 2° de l'article L. 6112-3 sont applicables aux établissements de santé privés d'intérêt collectif pour l'ensemble de leurs missions.</p><p>« Les établissements de santé privés d'intérêt collectif appliquent aux assurés sociaux les tarifs prévus aux articles L. 162-20 et L. 162-26 du code de la sécurité sociale, sans préjudice des dispositions des articles L. 6146-2 et L. 6154-1 du présent code. ».</p>","<p>L'article premier de la loi ouvre la possibilité aux établissements privés de participer à des missions de service public, dans le cadre d'un contrat avec l'agence régionale de santé. La possibilité de participer au service public hospitalier étant étendue à d'autres établissements privés, cette appellation ne caractérise plus les établissements ainsi dénommés.</p><p>Les établissements de santé qui s'engagent à respecter, dans l'exercice de toutes leurs missions, les garanties pour le patient attachées spécifiquement aux missions de service public, de la même manière qu'un établissement public de santé, peuvent se voir reconnaître le statut d'établissement de santé d'intérêt collectif.</p><p>Dans ce cadre, les établissements de santé privés gérés par des organismes sans but lucratif peuvent, jusqu'à la signature de leur prochain contrat pluriannuel d'objectifs et de moyens, recevoir la qualité d'établissements de santé privés d'intérêt collectif sur simple déclaration à l'agence régionale de santé. Leur appartenance à cette nouvelle catégorie d'établissements de santé privés d'intérêt collectif sera réexaminée lors de la signature de leur prochain contrat pluriannuel d'objectifs et de moyens.</p>","6c6137a18e9fb5bced6209c75e3f80b8","2009-09-11 07:12:28","2009-09-11 07:12:28"
"19389","NULL","http://www.assemblee-nationale.fr/13/amendements/1210/121001560.asp","13","1210","1560","0","Article PREMIER","Adopté","2009-02-11","le Gouvernement","<p>Compléter l'alinéa 2 par les mots :</p><p>« ou du praticien. ».</p>","<p>Il s'agit de prévoir, lorsque les contrats d'exercice signés entre les médecins libéraux et les établissements appelés à assumer des missions de service public, que la rupture du contrat qui interviendrait suite au refus d'un médecin ou de l'établissement de renégocier les conditions du contrat qu'aucune des parties ne pourrait réclamer d'indemnisation financière à ce titre.</p>","3c77e9ffb2e92d747fcae5feaa256144","2009-09-11 07:12:29","2009-09-11 07:12:29"
"19395","NULL","http://www.assemblee-nationale.fr/13/amendements/1210/121001432.asp","13","1210","1432","0","Article PREMIER","Adopté","2009-02-11","M. Rolland","<p>Compléter l'alinéa 2 par les mots :</p><p>« sauf opposition expresse de leur part notifiée par leur représentant légal au directeur général de l'Agence régionale de santé, par lettre recommandée avec accusé de réception ».</p>","<p>Les établissements de santé privés qui ont été admis à participer à l'exécution du service public hospitalier (SPHP) deviennent, sauf opposition expresse de leur part, automatiquement des établissements de santé privés d'intérêt collectif, sans qu'il soit nécessaire pour eux, à la différence des autres établissements de santé privés gérés par des organismes sans but lucratif, de faire une déclaration à l'agence régionale de santé.</p>","765ed5be7a4b734187a2c9240ec046d9","2009-09-11 07:12:30","2009-09-11 07:12:30"
